epoch,mean_R,mean_R_train,overall_max_R,max_R,best_prog_complexity,mean_complexity,loss,n_physical,n_rewarded,best_prog_of_epoch,overall_best_prog,best_prog_of_epoch_prefix,overall_best_prog_prefix,best_prog_of_epoch_free_const,overall_best_prog_free_const
0,0.05957926210664914,0.4188757129757396,0.5358535224674429,0.5358535224674429,14.0,21.5453,2.5136564412882616,2351,2318,(cos(1.0)*((-(Er)/-((1.0--(((1.0)**(0.5))))))+c00)),(cos(1.0)*((-(Er)/-((1.0--(((1.0)**(0.5))))))+c00)),[mul cos 1.0 add div neg Er neg sub 1.0 neg sqrt 1.0 c00],[mul cos 1.0 add div neg Er neg sub 1.0 neg sqrt 1.0 c00],[1.25401222 1.        ],[1.25401222 1.        ]
1,0.06357827847986065,0.4325942114499161,0.539565107820716,0.539565107820716,17.0,21.2458,2.830738719030942,2471,2430,(((Er+c00)*cos(((((M/(rou*(1.0+1.0))))**(2))+1.0)))/1.0),(((Er+c00)*cos(((((M/(rou*(1.0+1.0))))**(2))+1.0)))/1.0),[div mul add Er c00 cos add n2 div M mul rou add 1.0 1.0 1.0 1.0],[div mul add Er c00 cos add n2 div M mul rou add 1.0 1.0 1.0 1.0],[2.06776104 1.        ],[2.06776104 1.        ]
2,0.06859498797031752,0.44806263426362375,0.5428144237045702,0.5428144237045702,12.0,20.8449,2.19874031092716,2588,2555,((((((Er+c00))**(-1))/cos(-(((-(((1.0)**(0.5))))**(0.5))))))**(-1)),((((((Er+c00))**(-1))/cos(-(((-(((1.0)**(0.5))))**(0.5))))))**(-1)),[inv div inv add Er c00 cos neg sqrt neg sqrt 1.0],[inv div inv add Er c00 cos neg sqrt neg sqrt 1.0],[1.24401222 1.        ],[1.24401222 1.        ]
3,0.0755656488307647,0.46537016876639187,0.5428144237045702,0.5300809448057083,7.0,20.4559,1.9783155556088532,2799,2756,((Er*((sin(1.0))**(2)))+c00),((((((Er+c00))**(-1))/cos(-(((-(((1.0)**(0.5))))**(0.5))))))**(-1)),[add mul Er n2 sin 1.0 c00],[inv div inv add Er c00 cos neg sqrt neg sqrt 1.0],[0.66878725 1.        ],[1.24401222 1.        ]
4,0.08870744891889903,0.4942035731064859,0.5438875489223831,0.5438875489223831,17.0,19.7826,1.2073720520082543,3049,2989,((Er*((((1.0+((log(((1.0)**(2)))/1.0)+((1.0)**(0.5)))))**(0.5))-1.0))-c00),((Er*((((1.0+((log(((1.0)**(2)))/1.0)+((1.0)**(0.5)))))**(0.5))-1.0))-c00),[sub mul Er sub sqrt add 1.0 add div log n2 1.0 1.0 sqrt 1.0 1.0 c00],[sub mul Er sub sqrt add 1.0 add div log n2 1.0 1.0 sqrt 1.0 1.0 c00],[-0.67466445  1.        ],[-0.67466445  1.        ]
5,0.1059421587785761,0.5016789953937448,0.5438875489223831,0.5426152993624593,10.0,18.8673,-0.017398559299983747,3458,3378,-(((Er*sin((exp(1.0)+1.0)))+c00)),((Er*((((1.0+((log(((1.0)**(2)))/1.0)+((1.0)**(0.5)))))**(0.5))-1.0))-c00),[neg add mul Er sin add exp 1.0 1.0 c00],[sub mul Er sub sqrt add 1.0 add div log n2 1.0 1.0 sqrt 1.0 1.0 c00],[-0.67204369  1.        ],[-0.67466445  1.        ]
6,0.1258501738757313,0.5015398151303818,0.5461827622277646,0.5461827622277646,13.0,18.0054,-0.01610518925235418,3868,3775,((((((sin(log(((1.0)**(0.5))))*c00)+c00)+Er)*c00))**(0.5)),((((((sin(log(((1.0)**(0.5))))*c00)+c00)+Er)*c00))**(0.5)),[sqrt mul add add mul sin log sqrt 1.0 c00 c00 Er c00],[sqrt mul add add mul sin log sqrt 1.0 c00 c00 Er c00],[0.68812135 1.        ],[0.68812135 1.        ]
7,0.138274758839801,0.5014636352986769,0.5461827622277646,0.5453661652583907,11.0,17.4099,-0.021063768185800188,4109,4001,-((-(cos(1.0))*((-((((Er+c00))**(0.5))))**(2)))),((((((sin(log(((1.0)**(0.5))))*c00)+c00)+Er)*c00))**(0.5)),[neg mul neg cos 1.0 n2 neg sqrt add Er c00],[sqrt mul add add mul sin log sqrt 1.0 c00 c00 Er c00],[1.22265666 1.        ],[0.68812135 1.        ]
8,0.15504263297551432,0.5016874669737882,0.5461827622938643,0.5461827622938643,15.0,16.7726,-0.01673017107869036,4493,4373,(((1.0)**(-1))*((((-((((((((((c00)**(-1)))**(2)))**(-1))+(Er*c00)))**(-1))))**(-1)))**(0.5))),(((1.0)**(-1))*((((-((((((((((c00)**(-1)))**(2)))**(-1))+(Er*c00)))**(-1))))**(-1)))**(0.5))),[mul inv 1.0 sqrt inv neg inv add inv n2 inv c00 mul Er c00],[mul inv 1.0 sqrt inv neg inv add inv n2 inv c00 mul Er c00],[0.68812575 1.        ],[0.68812575 1.        ]
9,0.16641313289668136,0.5015457532887821,0.5461827622938643,0.5428035103066909,11.0,16.3971,-0.017383166498042397,4723,4618,((c00+Er)*((log(cos(((-(((1.0)**(2))))**(-1)))))**(2))),(((1.0)**(-1))*((((-((((((((((c00)**(-1)))**(2)))**(-1))+(Er*c00)))**(-1))))**(-1)))**(0.5))),[mul add c00 Er n2 log cos inv neg n2 1.0],[mul inv 1.0 sqrt inv neg inv add inv n2 inv c00 mul Er c00],[1.78199476 1.        ],[0.68812575 1.        ]
10,0.17298314738222603,0.5019699010215954,0.5461827622938643,0.5440001463730462,11.0,16.2256,-0.008389448028097702,4851,4730,(c00--((((-(((-(Er))**(-1)))+((Er)**(-1))))**(-1)))),(((1.0)**(-1))*((((-((((((((((c00)**(-1)))**(2)))**(-1))+(Er*c00)))**(-1))))**(-1)))**(0.5))),[sub c00 neg inv add neg inv neg Er inv Er],[mul inv 1.0 sqrt inv neg inv add inv n2 inv c00 mul Er c00],[0.67294872 1.        ],[0.68812575 1.        ]
11,0.1749115187645588,0.501834039668639,0.5461827622938643,0.5461827622938643,15.0,16.1709,-0.00818040644879691,4869,4737,((((((-((((((-(((((((c00)**(-1)))**(2)))**(-1)))-(c00*Er)))**(-1)))**(0.5))))**(2)))**(-1)))**(0.5)),(((1.0)**(-1))*((((-((((((((((c00)**(-1)))**(2)))**(-1))+(Er*c00)))**(-1))))**(-1)))**(0.5))),[sqrt inv n2 neg sqrt inv sub neg inv n2 inv c00 mul c00 Er],[mul inv 1.0 sqrt inv neg inv add inv n2 inv c00 mul Er c00],[0.68812575 1.        ],[0.68812575 1.        ]
12,0.17497495264232155,0.5014166389724897,0.5461827622938643,0.5461827622277646,6.0,16.1057,-0.02061900627079934,4865,4748,((((Er+c00)*c00))**(0.5)),(((1.0)**(-1))*((((-((((((((((c00)**(-1)))**(2)))**(-1))+(Er*c00)))**(-1))))**(-1)))**(0.5))),[sqrt mul add Er c00 c00],[mul inv 1.0 sqrt inv neg inv add inv n2 inv c00 mul Er c00],[0.68812135 1.        ],[0.68812575 1.        ]
13,0.17682674258402648,0.5015541068442043,0.5461827622938643,0.5428144237045703,6.0,16.0665,-0.016928600320689803,4881,4744,(cos(1.0)*(c00+Er)),(((1.0)**(-1))*((((-((((((((((c00)**(-1)))**(2)))**(-1))+(Er*c00)))**(-1))))**(-1)))**(0.5))),[mul cos 1.0 add c00 Er],[mul inv 1.0 sqrt inv neg inv add inv n2 inv c00 mul Er c00],[1.24401222 1.        ],[0.68812575 1.        ]
14,0.18015133009294443,0.501701982479828,0.5461827622938643,0.546182762018879,7.0,16.0769,-0.011908438823205764,4881,4777,(((c00/(((Er+c00))**(-1))))**(0.5)),(((1.0)**(-1))*((((-((((((((((c00)**(-1)))**(2)))**(-1))+(Er*c00)))**(-1))))**(-1)))**(0.5))),[sqrt div c00 inv add Er c00],[mul inv 1.0 sqrt inv neg inv add inv n2 inv c00 mul Er c00],[0.68813905 1.        ],[0.68812575 1.        ]
15,0.17552185612458232,0.5016041064554349,0.5461827622938643,0.5456294493803436,13.0,16.3113,-0.014133242535573107,4730,4612,(cos((1.0/(((c00)**(0.5))*(((((Er-c00))**(-1)))**(0.5)))))*c00),(((1.0)**(-1))*((((-((((((((((c00)**(-1)))**(2)))**(-1))+(Er*c00)))**(-1))))**(-1)))**(0.5))),[mul cos div 1.0 mul sqrt c00 sqrt inv sub Er c00 c00],[mul inv 1.0 sqrt inv neg inv add inv n2 inv c00 mul Er c00],[1.23732286 1.        ],[0.68812575 1.        ]
16,0.16481659618547914,0.5017231981548953,0.5461827622938643,0.5461827622277646,12.0,16.5109,-0.013518726473717314,4548,4409,((((((-(1.0))**(-1))/((((c00)**(2)))**(-1)))-(Er*c00)))**(0.5)),(((1.0)**(-1))*((((-((((((((((c00)**(-1)))**(2)))**(-1))+(Er*c00)))**(-1))))**(-1)))**(0.5))),[sqrt sub div inv neg 1.0 inv n2 c00 mul Er c00],[mul inv 1.0 sqrt inv neg inv add inv n2 inv c00 mul Er c00],[0.68812135 1.        ],[0.68812575 1.        ]
17,0.1583661832290868,0.5022530927539128,0.5461827622938643,0.5439148768129971,11.0,16.774,-0.0020960033932447206,4365,4205,(c00--((((-(log(sin(-(1.0)))))**(0.5))*Er))),(((1.0)**(-1))*((((-((((((((((c00)**(-1)))**(2)))**(-1))+(Er*c00)))**(-1))))**(-1)))**(0.5))),[sub c00 neg mul sqrt neg log sin neg 1.0 Er],[mul inv 1.0 sqrt inv neg inv add inv n2 inv c00 mul Er c00],[0.6746396 1.       ],[0.68812575 1.        ]
18,0.1573986556408329,0.5017963029064831,0.5461827622938643,0.5428144237045703,11.0,16.8645,-0.010943667585161857,4312,4180,(cos(1.0)/(((Er-(sin(exp(1.0))*c00)))**(-1))),(((1.0)**(-1))*((((-((((((((((c00)**(-1)))**(2)))**(-1))+(Er*c00)))**(-1))))**(-1)))**(0.5))),[div cos 1.0 inv sub Er mul sin exp 1.0 c00],[mul inv 1.0 sqrt inv neg inv add inv n2 inv c00 mul Er c00],[-3.02840526  1.        ],[0.68812575 1.        ]
19,0.15272478600108697,0.5021849733632364,0.5520965797843858,0.5520965797843858,13.0,16.9968,-0.0014063270508302694,4257,4121,(c00+(((c00/(exp(-((Er*((c00)**(-1)))))/c00)))**(0.5))),(c00+(((c00/(exp(-((Er*((c00)**(-1)))))/c00)))**(0.5))),[add c00 sqrt div c00 div exp neg mul Er inv c00 c00],[add c00 sqrt div c00 div exp neg mul Er inv c00 c00],[0.3044336 1.       ],[0.3044336 1.       ]
20,0.14471046256564835,0.502448335367074,0.5520965797843858,0.5461058032441304,13.0,17.2569,0.0033853582644160912,4078,3927,((-((c00*(Er+(1.0*(c00*((sin(1.0))**(0.5))))))))**(0.5)),(c00+(((c00/(exp(-((Er*((c00)**(-1)))))/c00)))**(0.5))),[sqrt neg mul c00 add Er mul 1.0 mul c00 sqrt sin 1.0],[add c00 sqrt div c00 div exp neg mul Er inv c00 c00],[0.70426829 1.        ],[0.3044336 1.       ]
21,0.13940926066844353,0.5022608215036397,0.5520965797843858,0.5461827622277646,8.0,17.4322,-0.002397089611890557,4004,3803,((-((((c00)**(2))+(c00*Er))))**(0.5)),(c00+(((c00/(exp(-((Er*((c00)**(-1)))))/c00)))**(0.5))),[sqrt neg add n2 c00 mul c00 Er],[add c00 sqrt div c00 div exp neg mul Er inv c00 c00],[0.68812135 1.        ],[0.3044336 1.       ]
22,0.13197431221744904,0.5025098351554743,0.5520965797843858,0.5462449376520586,18.0,17.6882,0.007822424875499244,3836,3616,(((((((((((-((((1.0*-((((M*c00))**(2)))))**(0.5)))-(c00*Er)))**(2)))**(-1)))**(0.5)))**(0.5)))**(-1)),(c00+(((c00/(exp(-((Er*((c00)**(-1)))))/c00)))**(0.5))),[inv sqrt sqrt inv n2 sub neg sqrt mul 1.0 neg n2 mul M c00 mul c00 Er],[add c00 sqrt div c00 div exp neg mul Er inv c00 c00],[0.53475082 1.        ],[0.3044336 1.       ]
23,0.1251347876737009,0.5021947849525839,0.5520965797843858,0.5519291048209353,11.0,17.8677,-0.0011548686619341914,3752,3497,(exp((cos(1.0)*(Er*(1.0/c00))))*c00),(c00+(((c00/(exp(-((Er*((c00)**(-1)))))/c00)))**(0.5))),[mul exp mul cos 1.0 mul Er div 1.0 c00 c00],[add c00 sqrt div c00 div exp neg mul Er inv c00 c00],[0.63124998 1.        ],[0.3044336 1.       ]
24,0.1235814205562082,0.5024533671968805,0.5520965797843858,0.5438081665849056,7.0,17.8461,0.0016997294063340052,3814,3524,((Er*sin(exp(1.0)))-c00),(c00+(((c00/(exp(-((Er*((c00)**(-1)))))/c00)))**(0.5))),[sub mul Er sin exp 1.0 c00],[add c00 sqrt div c00 div exp neg mul Er inv c00 c00],[-0.67473309  1.        ],[0.3044336 1.       ]
25,0.12040153628537141,0.5032580570926901,0.5520965797843858,0.5461827622277646,6.0,18.1252,0.021121731720998252,3695,3400,(((c00*(Er+c00)))**(0.5)),(c00+(((c00/(exp(-((Er*((c00)**(-1)))))/c00)))**(0.5))),[sqrt mul c00 add Er c00],[add c00 sqrt div c00 div exp neg mul Er inv c00 c00],[0.68812135 1.        ],[0.3044336 1.       ]
26,0.11683524764571816,0.5030474320950546,0.5582266602048509,0.5582266602048509,21.0,18.1998,0.018048345146132364,3689,3390,((((cos((Er/-(((((Er/1.0)*rou))**(0.5)))))*(1.0*(Er*M)))+(c00*rou)))**(0.5)),((((cos((Er/-(((((Er/1.0)*rou))**(0.5)))))*(1.0*(Er*M)))+(c00*rou)))**(0.5)),"[sqrt add mul cos div Er neg sqrt mul div Er 1.0 rou mul 1.0 mul Er M mul
 c00 rou]","[sqrt add mul cos div Er neg sqrt mul div Er 1.0 rou mul 1.0 mul Er M mul
 c00 rou]",[0.54389538 1.        ],[0.54389538 1.        ]
27,0.11522765950459635,0.5031921166792716,0.5582266602048509,0.5461827622277646,11.0,18.2165,0.019531622569601746,3682,3363,(((((c00*Er)/1.0)+(((c00/1.0))**(2))))**(0.5)),((((cos((Er/-(((((Er/1.0)*rou))**(0.5)))))*(1.0*(Er*M)))+(c00*rou)))**(0.5)),[sqrt add div mul c00 Er 1.0 n2 div c00 1.0],"[sqrt add mul cos div Er neg sqrt mul div Er 1.0 rou mul 1.0 mul Er M mul
 c00 rou]",[0.68812135 1.        ],[0.54389538 1.        ]
28,0.10793797377766495,0.5029686651183997,0.5582266602048509,0.5463409376347761,14.0,18.5597,0.01403276505415988,3506,3212,(c00+(cos((((rou)**(-1))*c00))*(cos((1.0/1.0))*Er))),((((cos((Er/-(((((Er/1.0)*rou))**(0.5)))))*(1.0*(Er*M)))+(c00*rou)))**(0.5)),[add c00 mul cos mul inv rou c00 mul cos div 1.0 1.0 Er],"[sqrt add mul cos div Er neg sqrt mul div Er 1.0 rou mul 1.0 mul Er M mul
 c00 rou]",[0.67634743 1.        ],[0.54389538 1.        ]
29,0.1150637789736943,0.5026764259269708,0.5582266602048509,0.5461827622277646,7.0,18.3907,0.006532012930206596,3694,3397,((((c00*Er)+((c00)**(2))))**(0.5)),((((cos((Er/-(((((Er/1.0)*rou))**(0.5)))))*(1.0*(Er*M)))+(c00*rou)))**(0.5)),[sqrt add mul c00 Er n2 c00],"[sqrt add mul cos div Er neg sqrt mul div Er 1.0 rou mul 1.0 mul Er M mul
 c00 rou]",[0.68812135 1.        ],[0.54389538 1.        ]
30,0.11060193273143681,0.5031245807327881,0.5582266602048509,0.5525096094834686,6.0,18.6734,0.01721816788090038,3557,3305,((((Er+c00)*M))**(0.5)),((((cos((Er/-(((((Er/1.0)*rou))**(0.5)))))*(1.0*(Er*M)))+(c00*rou)))**(0.5)),[sqrt mul add Er c00 M],"[sqrt add mul cos div Er neg sqrt mul div Er 1.0 rou mul 1.0 mul Er M mul
 c00 rou]",[0.50373923 1.        ],[0.54389538 1.        ]
31,0.11058797257266115,0.5027567671570172,0.5582266602048509,0.5558851191668875,12.0,18.8523,0.00711997423348272,3561,3297,((Er+(((M*c00))**(0.5)))-(cos(((1.0)**(-1)))*Er)),((((cos((Er/-(((((Er/1.0)*rou))**(0.5)))))*(1.0*(Er*M)))+(c00*rou)))**(0.5)),[sub add Er sqrt mul M c00 mul cos inv 1.0 Er],"[sqrt add mul cos div Er neg sqrt mul div Er 1.0 rou mul 1.0 mul Er M mul
 c00 rou]",[0.50807947 1.        ],[0.54389538 1.        ]
32,0.11089763071474172,0.5031196154644602,0.5582266602048509,0.5519291048232379,10.0,19.021,0.013603941497017213,3552,3292,(c00*(exp((Er/c00))*cos(-(1.0)))),((((cos((Er/-(((((Er/1.0)*rou))**(0.5)))))*(1.0*(Er*M)))+(c00*rou)))**(0.5)),[mul c00 mul exp div Er c00 cos neg 1.0],"[sqrt add mul cos div Er neg sqrt mul div Er 1.0 rou mul 1.0 mul Er M mul
 c00 rou]",[1.16832978 1.        ],[0.54389538 1.        ]
33,0.10652352362185834,0.5034696622644796,0.5656738311877603,0.5656738311877603,13.0,19.3778,0.025421060889838448,3437,3218,(((rou*((Er*sin(1.0))+((c00/1.0)+c00))))**(0.5)),(((rou*((Er*sin(1.0))+((c00/1.0)+c00))))**(0.5)),[sqrt mul rou add mul Er sin 1.0 add div c00 1.0 c00],[sqrt mul rou add mul Er sin 1.0 add div c00 1.0 c00],[0.26168663 1.        ],[0.26168663 1.        ]
34,0.10866076840734154,0.5031447506626039,0.5656738311877603,0.5583953827141676,7.0,19.6198,0.01841833976731163,3450,3238,((-(((Er+c00)*rou)))**(0.5)),(((rou*((Er*sin(1.0))+((c00/1.0)+c00))))**(0.5)),[sqrt neg mul add Er c00 rou],[sqrt mul rou add mul Er sin 1.0 add div c00 1.0 c00],[0.58488764 1.        ],[0.26168663 1.        ]
35,0.1097604999462897,0.5030878647218844,0.5656738311877603,0.5571400541683013,12.0,19.7001,0.016149461667894965,3500,3314,((((Er*(rou*cos(((1.0)**(0.5)))))+(rou*c00)))**(0.5)),(((rou*((Er*sin(1.0))+((c00/1.0)+c00))))**(0.5)),[sqrt add mul Er mul rou cos sqrt 1.0 mul rou c00],[sqrt mul rou add mul Er sin 1.0 add div c00 1.0 c00],[0.51509839 1.        ],[0.26168663 1.        ]
36,0.106396337850952,0.5032371756217526,0.5656738311877603,0.5542189415797919,10.0,20.1492,0.025299872520842058,3357,3173,(c00/exp(cos((((c00/(c00+Er)))**(-1))))),(((rou*((Er*sin(1.0))+((c00/1.0)+c00))))**(0.5)),[div c00 exp cos inv div c00 add c00 Er],[sqrt mul rou add mul Er sin 1.0 add div c00 1.0 c00],[1.05710547 1.        ],[0.26168663 1.        ]
37,0.107669331675154,0.5032606906067492,0.5656738311877603,0.5461827622277646,8.0,20.3018,0.02777532805842585,3444,3242,((-((c00*(c00--(Er)))))**(0.5)),(((rou*((Er*sin(1.0))+((c00/1.0)+c00))))**(0.5)),[sqrt neg mul c00 sub c00 neg Er],[sqrt mul rou add mul Er sin 1.0 add div c00 1.0 c00],[0.68812135 1.        ],[0.26168663 1.        ]
38,0.10505236628480377,0.503616303803776,0.5656738311877603,0.5461827622277646,6.0,20.6185,0.03164950812191708,3348,3132,(((c00*(Er+c00)))**(0.5)),(((rou*((Er*sin(1.0))+((c00/1.0)+c00))))**(0.5)),[sqrt mul c00 add Er c00],[sqrt mul rou add mul Er sin 1.0 add div c00 1.0 c00],[0.68812135 1.        ],[0.26168663 1.        ]
39,0.10389203781899485,0.5030980746204158,0.5656738311877603,0.5461827622277646,7.0,20.804,0.01684410009581762,3346,3155,(((((c00)**(2))+(Er*c00)))**(0.5)),(((rou*((Er*sin(1.0))+((c00/1.0)+c00))))**(0.5)),[sqrt add n2 c00 mul Er c00],[sqrt mul rou add mul Er sin 1.0 add div c00 1.0 c00],[0.68812135 1.        ],[0.26168663 1.        ]
40,0.10321899131566079,0.5044131271335847,0.5656738311877603,0.5461827622277646,14.0,21.0381,0.04841158230980433,3297,3088,((-((1.0*(((Er*c00)+((c00)**(2)))*(1.0*1.0)))))**(0.5)),(((rou*((Er*sin(1.0))+((c00/1.0)+c00))))**(0.5)),[sqrt neg mul 1.0 mul add mul Er c00 n2 c00 mul 1.0 1.0],[sqrt mul rou add mul Er sin 1.0 add div c00 1.0 c00],[0.68812135 1.        ],[0.26168663 1.        ]
41,0.10508926306316994,0.5031871041269145,0.5656738311877603,0.5461827622277646,7.0,21.0447,0.021176300472919837,3383,3170,((-((c00*(Er+c00))))**(0.5)),(((rou*((Er*sin(1.0))+((c00/1.0)+c00))))**(0.5)),[sqrt neg mul c00 add Er c00],[sqrt mul rou add mul Er sin 1.0 add div c00 1.0 c00],[0.68812135 1.        ],[0.26168663 1.        ]
42,0.10528073123701331,0.5036818109958615,0.5656738311877603,0.5461827622938643,14.0,21.1676,0.03137681765636858,3343,3133,(((((((((((1.0*-(c00))/1.0))**(2))+(Er*c00)))**(-1)))**(0.5)))**(-1)),(((rou*((Er*sin(1.0))+((c00/1.0)+c00))))**(0.5)),[inv sqrt inv add n2 div mul 1.0 neg c00 1.0 mul Er c00],[sqrt mul rou add mul Er sin 1.0 add div c00 1.0 c00],[0.68812575 1.        ],[0.26168663 1.        ]
43,0.10743690186683022,0.5042349359033201,0.5656738311877603,0.5515561792529441,15.0,21.2318,0.044532922452112544,3402,3175,(c00/(c00*((c00-Er)*(((c00/(exp(1.0)/c00)))**(-1))))),(((rou*((Er*sin(1.0))+((c00/1.0)+c00))))**(0.5)),[div c00 mul c00 mul sub c00 Er inv div c00 div exp 1.0 c00],[sqrt mul rou add mul Er sin 1.0 add div c00 1.0 c00],[1.71683358 1.        ],[0.26168663 1.        ]
44,0.10826256529195107,0.5043625421617384,0.5656738311877603,0.5583953827141676,6.0,21.2993,0.04713737950020263,3398,3186,(((rou*(Er+c00)))**(0.5)),(((rou*((Er*sin(1.0))+((c00/1.0)+c00))))**(0.5)),[sqrt mul rou add Er c00],[sqrt mul rou add mul Er sin 1.0 add div c00 1.0 c00],[0.58488764 1.        ],[0.26168663 1.        ]
45,0.11333846456112569,0.5047145698213531,0.5656738311877603,0.5583953827141676,8.0,21.1865,0.05581843188394933,3499,3275,(((rou*((1.0*c00)+Er)))**(0.5)),(((rou*((Er*sin(1.0))+((c00/1.0)+c00))))**(0.5)),[sqrt mul rou add mul 1.0 c00 Er],[sqrt mul rou add mul Er sin 1.0 add div c00 1.0 c00],[0.58488764 1.        ],[0.26168663 1.        ]
46,0.11084350155931598,0.503839619898725,0.5656738311877603,0.5542189415358117,14.0,21.3483,0.03581046153241324,3470,3234,-((exp(-(cos(-((-((Er+-(c00)))/c00)))))*c00)),(((rou*((Er*sin(1.0))+((c00/1.0)+c00))))**(0.5)),[neg mul exp neg cos neg div neg add Er neg c00 c00 c00],[sqrt mul rou add mul Er sin 1.0 add div c00 1.0 c00],[-1.05711783  1.        ],[0.26168663 1.        ]
47,0.11782245925248931,0.5060493926159028,0.5656738311877603,0.5546726562225353,14.0,21.0705,0.093489889749683,3636,3432,(((M*(((-(cos(1.0))+1.0)*c00)+(Er*1.0))))**(0.5)),(((rou*((Er*sin(1.0))+((c00/1.0)+c00))))**(0.5)),[sqrt mul M add mul add neg cos 1.0 1.0 c00 mul Er 1.0],[sqrt mul rou add mul Er sin 1.0 add div c00 1.0 c00],[1.23823658 1.        ],[0.26168663 1.        ]
48,0.11864642995639202,0.5045813010138457,0.5656738311877603,0.5588631623667204,15.0,20.9635,0.05371103791530884,3620,3393,(((rou*-((((c00+Er)+(Er-(Er-c00)))+c00))))**(0.5)),(((rou*((Er*sin(1.0))+((c00/1.0)+c00))))**(0.5)),[sqrt mul rou neg add add add c00 Er sub Er sub Er c00 c00],[sqrt mul rou add mul Er sin 1.0 add div c00 1.0 c00],[0.18843036 1.        ],[0.26168663 1.        ]
49,0.12448171471096792,0.5055666428170642,0.5656738311877603,0.5583953827141676,7.0,20.6303,0.07484148013096564,3771,3526,((-((rou*(Er+c00))))**(0.5)),(((rou*((Er*sin(1.0))+((c00/1.0)+c00))))**(0.5)),[sqrt neg mul rou add Er c00],[sqrt mul rou add mul Er sin 1.0 add div c00 1.0 c00],[0.58488764 1.        ],[0.26168663 1.        ]
50,0.12535740565037565,0.505202800453207,0.5656738311877603,0.5583953827141676,8.0,20.524,0.06328632183439226,3779,3560,((((-(c00)-Er)*-(rou)))**(0.5)),(((rou*((Er*sin(1.0))+((c00/1.0)+c00))))**(0.5)),[sqrt mul sub neg c00 Er neg rou],[sqrt mul rou add mul Er sin 1.0 add div c00 1.0 c00],[0.58488764 1.        ],[0.26168663 1.        ]
51,0.1293263024850563,0.5067632018694437,0.5656738311877603,0.5461827622277646,13.0,20.3919,0.10335957682766474,3849,3610,(((c00*-((c00-((c00+(1.0*Er))+c00)))))**(0.5)),(((rou*((Er*sin(1.0))+((c00/1.0)+c00))))**(0.5)),[sqrt mul c00 neg sub c00 add add c00 mul 1.0 Er c00],[sqrt mul rou add mul Er sin 1.0 add div c00 1.0 c00],[0.68812135 1.        ],[0.26168663 1.        ]
52,0.13272573997819773,0.5063252286640814,0.5656738311877603,0.5529489675297699,18.0,20.1737,0.09099315898021276,3974,3713,(((c00/((Er+((-((((((c00)**(-1))*1.0))**(-1)))-c00)+Er))/((c00)**(0.5)))))**(2)),(((rou*((Er*sin(1.0))+((c00/1.0)+c00))))**(0.5)),[n2 div c00 div add Er add sub neg inv mul inv c00 1.0 c00 Er sqrt c00],[sqrt mul rou add mul Er sin 1.0 add div c00 1.0 c00],[2.48246787 1.        ],[0.26168663 1.        ]
53,0.14076678833855705,0.5068866593448943,0.5656738311877603,0.5546726562225415,11.0,19.8964,0.10428117481355177,4134,3880,(((M*(Er+-(((c00+c00)+c00)))))**(0.5)),(((rou*((Er*sin(1.0))+((c00/1.0)+c00))))**(0.5)),[sqrt mul M add Er neg add add c00 c00 c00],[sqrt mul rou add mul Er sin 1.0 add div c00 1.0 c00],[-0.18973815  1.        ],[0.26168663 1.        ]
54,0.14104183459188363,0.507159149211661,0.5656738311877603,0.5588631623601185,18.0,19.9054,0.11057469691323564,4120,3861,(((rou*(Er--((exp((sin((log(1.0)+(1.0*1.0)))-1.0))*c00)))))**(0.5)),(((rou*((Er*sin(1.0))+((c00/1.0)+c00))))**(0.5)),[sqrt mul rou sub Er neg mul exp sub sin add log 1.0 mul 1.0 1.0 1.0 c00],[sqrt mul rou add mul Er sin 1.0 add div c00 1.0 c00],[0.66239845 1.        ],[0.26168663 1.        ]
55,0.14600515472084122,0.5081858185057933,0.5656738311877603,0.5545682033679977,17.0,19.6483,0.13122565192734312,4266,3984,(((M*(Er+(exp(cos(-(((1.0+1.0)+(1.0+1.0)))))*c00))))**(0.5)),(((rou*((Er*sin(1.0))+((c00/1.0)+c00))))**(0.5)),[sqrt mul M add Er mul exp cos neg add add 1.0 1.0 add 1.0 1.0 c00],[sqrt mul rou add mul Er sin 1.0 add div c00 1.0 c00],[1.13200809 1.        ],[0.26168663 1.        ]
56,0.14672136633004926,0.506912817188235,0.5657382463474315,0.5657382463474315,12.0,19.7217,0.09771643781882808,4225,3968,(((rou*(c00+((((cos(1.0))**(0.5))*Er)*1.0))))**(0.5)),(((rou*(c00+((((cos(1.0))**(0.5))*Er)*1.0))))**(0.5)),[sqrt mul rou add c00 mul mul sqrt cos 1.0 Er 1.0],[sqrt mul rou add c00 mul mul sqrt cos 1.0 Er 1.0],[0.51297919 1.        ],[0.51297919 1.        ]
57,0.14771869317293163,0.5084060234370257,0.5657382463474315,0.5586065260266414,17.0,19.7487,0.1376927686324269,4221,3953,((-((M*((Er+c00)+((((Er*Er)+-((c00*c00))))**(0.5))))))**(0.5)),(((rou*(c00+((((cos(1.0))**(0.5))*Er)*1.0))))**(0.5)),[sqrt neg mul M add add Er c00 sqrt add mul Er Er neg mul c00 c00],[sqrt mul rou add c00 mul mul sqrt cos 1.0 Er 1.0],[0.21642611 1.        ],[0.51297919 1.        ]
58,0.15495220339281648,0.508252789565254,0.5657382463474315,0.5461827622929678,11.0,19.4024,0.13331316617269656,4453,4186,((((c00*1.0)*(1.0/(((c00+Er))**(-1)))))**(0.5)),(((rou*(c00+((((cos(1.0))**(0.5))*Er)*1.0))))**(0.5)),[sqrt mul mul c00 1.0 div 1.0 inv add c00 Er],[sqrt mul rou add c00 mul mul sqrt cos 1.0 Er 1.0],[0.68812893 1.        ],[0.51297919 1.        ]
59,0.1650913987886494,0.5103273499400259,0.5657382463474315,0.5473223764712513,22.0,18.9105,0.17211865635203105,4672,4418,(((((M*-(((c00+-((1.0*(Er+Er))))*(-((Er*c00))+(c00*c00))))))**(0.5)))**(0.5)),(((rou*(c00+((((cos(1.0))**(0.5))*Er)*1.0))))**(0.5)),"[sqrt sqrt mul M neg mul add c00 neg mul 1.0 add Er Er add neg mul Er c00
 mul c00 c00]",[sqrt mul rou add c00 mul mul sqrt cos 1.0 Er 1.0],[-0.62248438  1.        ],[0.51297919 1.        ]
60,0.17120345584852065,0.5094640018784107,0.5657382463474315,0.5653596967735751,15.0,18.6776,0.1467358312111813,4796,4538,(((rou*((((Er*cos(1.0))*-(cos(1.0)))+Er)+c00)))**(0.5)),(((rou*(c00+((((cos(1.0))**(0.5))*Er)*1.0))))**(0.5)),[sqrt mul rou add add mul mul Er cos 1.0 neg cos 1.0 Er c00],[sqrt mul rou add c00 mul mul sqrt cos 1.0 Er 1.0],[0.50113062 1.        ],[0.51297919 1.        ]
61,0.17315407029937213,0.5091682550013639,0.5657382463474315,0.5552104299133199,11.0,18.4597,0.14198200454457963,4834,4556,(((c00*((r+(cos(1.0)*Er))+c00)))**(0.5)),(((rou*(c00+((((cos(1.0))**(0.5))*Er)*1.0))))**(0.5)),[sqrt mul c00 add add r mul cos 1.0 Er c00],[sqrt mul rou add c00 mul mul sqrt cos 1.0 Er 1.0],[0.668181 1.      ],[0.51297919 1.        ]
62,0.18248121470723194,0.5106033128368856,0.5657382463474315,0.5461827622277646,10.0,18.1255,0.1621206078439385,5035,4771,(((1.0*((c00*c00)+(Er*c00))))**(0.5)),(((rou*(c00+((((cos(1.0))**(0.5))*Er)*1.0))))**(0.5)),[sqrt mul 1.0 add mul c00 c00 mul Er c00],[sqrt mul rou add c00 mul mul sqrt cos 1.0 Er 1.0],[0.68812135 1.        ],[0.51297919 1.        ]
63,0.18679930066279427,0.5115700068800052,0.5657382463474315,0.5588631615678117,9.0,17.8766,0.18479103973810723,5126,4872,(((rou*(Er+(sin(1.0)*c00))))**(0.5)),(((rou*(c00+((((cos(1.0))**(0.5))*Er)*1.0))))**(0.5)),[sqrt mul rou add Er mul sin 1.0 c00],[sqrt mul rou add c00 mul mul sqrt cos 1.0 Er 1.0],[0.67181157 1.        ],[0.51297919 1.        ]
64,0.19520283295257804,0.5122248769449677,0.5657382463474315,0.548300515564657,17.0,17.2685,0.19025842172877291,5424,5118,(log(cos(((((1.0+(-(c00)*((-(Er))**(-1)))))**(-1))+exp(1.0))))/((c00)**(-1))),(((rou*(c00+((((cos(1.0))**(0.5))*Er)*1.0))))**(0.5)),[div log cos add inv add 1.0 mul neg c00 inv neg Er exp 1.0 inv c00],[sqrt mul rou add c00 mul mul sqrt cos 1.0 Er 1.0],[-6.84712992  1.        ],[0.51297919 1.        ]
65,0.20269978532486693,0.512484385446751,0.5657382463474315,0.5487723883684088,22.0,16.9164,0.20565385930366709,5550,5247,(cos(((Er*(-((((((c00-Er)+c00))**(-1))--(((Er)**(-1)))))+(1.0/Er)))+1.0))*c00),(((rou*(c00+((((cos(1.0))**(0.5))*Er)*1.0))))**(0.5)),"[mul cos add mul Er add neg sub inv add sub c00 Er c00 neg inv Er div 1.0
 Er 1.0 c00]",[sqrt mul rou add c00 mul mul sqrt cos 1.0 Er 1.0],[1.21127226 1.        ],[0.51297919 1.        ]
66,0.20742421771808814,0.5136736719923944,0.5657382463474315,0.5525096094834686,9.0,16.785,0.21835649527557283,5674,5341,((((M*1.0)*-((Er+c00))))**(0.5)),(((rou*(c00+((((cos(1.0))**(0.5))*Er)*1.0))))**(0.5)),[sqrt mul mul M 1.0 neg add Er c00],[sqrt mul rou add c00 mul mul sqrt cos 1.0 Er 1.0],[0.50373923 1.        ],[0.51297919 1.        ]
67,0.21066722186179804,0.5131181887157941,0.5657382463474315,0.54975884805403,18.0,16.6968,0.2120251990891734,5775,5397,((((cos(((1.0)**(-1)))*(Er*(1.0*Er)))+((c00*c00)+(c00*Er))))**(0.5)),(((rou*(c00+((((cos(1.0))**(0.5))*Er)*1.0))))**(0.5)),[sqrt add mul cos inv 1.0 mul Er mul 1.0 Er add mul c00 c00 mul c00 Er],[sqrt mul rou add c00 mul mul sqrt cos 1.0 Er 1.0],[0.63267416 1.        ],[0.51297919 1.        ]
68,0.21188752667753774,0.516083833206795,0.5657382463474315,0.5525096094834686,6.0,16.7613,0.2650064577445999,5796,5436,(((M*(Er+c00)))**(0.5)),(((rou*(c00+((((cos(1.0))**(0.5))*Er)*1.0))))**(0.5)),[sqrt mul M add Er c00],[sqrt mul rou add c00 mul mul sqrt cos 1.0 Er 1.0],[0.50373923 1.        ],[0.51297919 1.        ]
69,0.228364362384278,0.5179073220581393,0.5657382463474315,0.550279724041571,15.0,15.9483,0.2687548923847939,6208,5850,(c00-((c00*cos(1.0))*cos(((Er*-(((c00)**(-1))))-1.0)))),(((rou*(c00+((((cos(1.0))**(0.5))*Er)*1.0))))**(0.5)),[sub c00 mul mul c00 cos 1.0 cos sub mul Er neg inv c00 1.0],[sqrt mul rou add c00 mul mul sqrt cos 1.0 Er 1.0],[0.91238111 1.        ],[0.51297919 1.        ]
70,0.24305173911472472,0.5188299961058882,0.5657382463474315,0.5462445318245922,21.0,15.3575,0.2812656003377166,6483,6171,-((c00+((sin(1.0)*((((1.0+sin(1.0))*((c00*Er)+(c00*c00))))**(0.5)))+c00))),(((rou*(c00+((((cos(1.0))**(0.5))*Er)*1.0))))**(0.5)),"[neg add c00 add mul sin 1.0 sqrt mul add 1.0 sin 1.0 add mul c00 Er mul
 c00 c00 c00]",[sqrt mul rou add c00 mul mul sqrt cos 1.0 Er 1.0],[-0.74125392  1.        ],[0.51297919 1.        ]
71,0.24922086194751442,0.521566432162107,0.5657382463474315,0.5495170042093406,12.0,15.2345,0.31523591807837953,6621,6280,(((((Er*cos(((1.0)**(-1))))+M)*(c00+Er)))**(0.5)),(((rou*(c00+((((cos(1.0))**(0.5))*Er)*1.0))))**(0.5)),[sqrt mul add mul Er cos inv 1.0 M add c00 Er],[sqrt mul rou add c00 mul mul sqrt cos 1.0 Er 1.0],[0.59221994 1.        ],[0.51297919 1.        ]
72,0.25434786493289113,0.5253479120662269,0.5657382463474315,0.5516563207628733,22.0,15.1489,0.3883342166367948,6711,6351,((((-((Er*(cos((1.0+1.0))*(Er*1.0))))+(1.0*(Er*c00)))+(c00*c00)))**(0.5)),(((rou*(c00+((((cos(1.0))**(0.5))*Er)*1.0))))**(0.5)),"[sqrt add add neg mul Er mul cos add 1.0 1.0 mul Er 1.0 mul 1.0 mul Er c00
 mul c00 c00]",[sqrt mul rou add c00 mul mul sqrt cos 1.0 Er 1.0],[0.64395754 1.        ],[0.51297919 1.        ]
73,0.26883940761801123,0.5291887343635112,0.5657382463474315,0.5461827622277646,9.0,14.6373,0.42050708398326153,6981,6600,((-(((Er*c00)+(c00*c00))))**(0.5)),(((rou*(c00+((((cos(1.0))**(0.5))*Er)*1.0))))**(0.5)),[sqrt neg add mul Er c00 mul c00 c00],[sqrt mul rou add c00 mul mul sqrt cos 1.0 Er 1.0],[0.68812135 1.        ],[0.51297919 1.        ]
74,0.2888575537022025,0.5324130773500813,0.5657382463474315,0.5602908520878561,12.0,13.7089,0.42936579218721965,7312,6984,(((M*((((c00*c00))**(0.5))+(Er*sin(1.0)))))**(0.5)),(((rou*(c00+((((cos(1.0))**(0.5))*Er)*1.0))))**(0.5)),[sqrt mul M add sqrt mul c00 c00 mul Er sin 1.0],[sqrt mul rou add c00 mul mul sqrt cos 1.0 Er 1.0],[0.52981504 1.        ],[0.51297919 1.        ]
75,0.3047473267739025,0.5399677969099513,0.5657382463474315,0.5535806806384806,19.0,12.915,0.3075253638067278,7661,7286,(c00/((cos((1.0+-((1.0+1.0))))+(Er*(1.0*-(((c00)**(-1))))))+1.0)),(((rou*(c00+((((cos(1.0))**(0.5))*Er)*1.0))))**(0.5)),"[div c00 add add cos add 1.0 neg add 1.0 1.0 mul Er mul 1.0 neg inv c00
 1.0]",[sqrt mul rou add c00 mul mul sqrt cos 1.0 Er 1.0],[0.9564787 1.       ],[0.51297919 1.        ]
76,0.30948929435657063,0.5420583508256468,0.5657382463474315,0.5461827622277646,8.0,12.6368,0.1189323688893204,7740,7351,((((Er*c00)+(c00*c00)))**(0.5)),(((rou*(c00+((((cos(1.0))**(0.5))*Er)*1.0))))**(0.5)),[sqrt add mul Er c00 mul c00 c00],[sqrt mul rou add c00 mul mul sqrt cos 1.0 Er 1.0],[0.68812135 1.        ],[0.51297919 1.        ]
77,0.31515779993360593,0.5428597588041251,0.5657382463474315,0.5461827622277646,10.0,12.3015,0.03366367724303905,7837,7480,(((c00*((cos(log(1.0))*c00)+Er)))**(0.5)),(((rou*(c00+((((cos(1.0))**(0.5))*Er)*1.0))))**(0.5)),[sqrt mul c00 add mul cos log 1.0 c00 Er],[sqrt mul rou add c00 mul mul sqrt cos 1.0 Er 1.0],[0.68812135 1.        ],[0.51297919 1.        ]
78,0.3221996451623226,0.5431287480686746,0.5657382463474315,0.5538996518373768,12.0,12.1781,-0.019749558807568582,7907,7527,((((c00*-(c00))+-(((r+Er)*c00))))**(0.5)),(((rou*(c00+((((cos(1.0))**(0.5))*Er)*1.0))))**(0.5)),[sqrt add mul c00 neg c00 neg mul add r Er c00],[sqrt mul rou add c00 mul mul sqrt cos 1.0 Er 1.0],[0.62195104 1.        ],[0.51297919 1.        ]
79,0.3188607197494195,0.5431403375432037,0.5657382463474315,0.5506010224694535,16.0,12.1503,-0.019193662141116175,7816,7435,(cos(1.0)/(c00/((Er*c00)+((Er*Er)+(c00*c00))))),(((rou*(c00+((((cos(1.0))**(0.5))*Er)*1.0))))**(0.5)),[div cos 1.0 div c00 add mul Er c00 add mul Er Er mul c00 c00],[sqrt mul rou add c00 mul mul sqrt cos 1.0 Er 1.0],[1.11148223 1.        ],[0.51297919 1.        ]
80,0.32322957713065864,0.5430537350350696,0.5657382463474315,0.5501892871159223,17.0,12.0356,-0.0198809391921049,7874,7521,((((cos(1.0)*((Er*Er)+(c00*c00)))+(1.0*(c00*Er))))**(0.5)),(((rou*(c00+((((cos(1.0))**(0.5))*Er)*1.0))))**(0.5)),[sqrt add mul cos 1.0 add mul Er Er mul c00 c00 mul 1.0 mul c00 Er],[sqrt mul rou add c00 mul mul sqrt cos 1.0 Er 1.0],[0.86613434 1.        ],[0.51297919 1.        ]
81,0.3181180233730455,0.5431621955609094,0.5657382463474315,0.54975884805403,18.0,12.4179,-0.018043217308746494,7722,7336,((-((((Er*cos(1.0))*(Er*1.0))+((Er*c00)+(c00*c00)))))**(0.5)),(((rou*(c00+((((cos(1.0))**(0.5))*Er)*1.0))))**(0.5)),[sqrt neg add mul mul Er cos 1.0 mul Er 1.0 add mul Er c00 mul c00 c00],[sqrt mul rou add c00 mul mul sqrt cos 1.0 Er 1.0],[0.63267416 1.        ],[0.51297919 1.        ]
82,0.3119758397194932,0.5430701896009551,0.5657382463474315,0.550279724041571,13.0,12.5619,-0.019224306125676254,7619,7233,(c00-((cos(1.0)*cos(((Er/c00)+1.0)))*c00)),(((rou*(c00+((((cos(1.0))**(0.5))*Er)*1.0))))**(0.5)),[sub c00 mul mul cos 1.0 cos add div Er c00 1.0 c00],[sqrt mul rou add c00 mul mul sqrt cos 1.0 Er 1.0],[0.91238111 1.        ],[0.51297919 1.        ]
83,0.2995821991376426,0.543184527338767,0.5657382463474315,0.54975884805403,18.0,13.1572,-0.017193232458727885,7319,6897,((-((((Er*(cos(1.0)*Er))+(c00*c00))+(1.0*(Er*c00)))))**(0.5)),(((rou*(c00+((((cos(1.0))**(0.5))*Er)*1.0))))**(0.5)),[sqrt neg add add mul Er mul cos 1.0 Er mul c00 c00 mul 1.0 mul Er c00],[sqrt mul rou add c00 mul mul sqrt cos 1.0 Er 1.0],[0.63267416 1.        ],[0.51297919 1.        ]
84,0.2942293823304584,0.5431504947898379,0.5657382463474315,0.5538996518373768,12.0,13.3574,-0.017637071731869174,7263,6814,((((c00*c00)+((c00*r)+(Er*c00))))**(0.5)),(((rou*(c00+((((cos(1.0))**(0.5))*Er)*1.0))))**(0.5)),[sqrt add mul c00 c00 add mul c00 r mul Er c00],[sqrt mul rou add c00 mul mul sqrt cos 1.0 Er 1.0],[0.62195104 1.        ],[0.51297919 1.        ]
85,0.2872985223484224,0.5432332090484234,0.5657382463474315,0.54975884805403,15.0,13.7647,-0.017224519567605238,7033,6655,(((((Er*(Er*cos(1.0)))+(c00*Er))+(c00*c00)))**(0.5)),(((rou*(c00+((((cos(1.0))**(0.5))*Er)*1.0))))**(0.5)),[sqrt add add mul Er mul Er cos 1.0 mul c00 Er mul c00 c00],[sqrt mul rou add c00 mul mul sqrt cos 1.0 Er 1.0],[0.63267416 1.        ],[0.51297919 1.        ]
86,0.27433503060958786,0.5431940135091157,0.5657382463474315,0.5538996518373768,8.0,14.2126,-0.01762907396352132,6835,6397,(((c00*(r+(Er+c00))))**(0.5)),(((rou*(c00+((((cos(1.0))**(0.5))*Er)*1.0))))**(0.5)),[sqrt mul c00 add r add Er c00],[sqrt mul rou add c00 mul mul sqrt cos 1.0 Er 1.0],[0.62195104 1.        ],[0.51297919 1.        ]
87,0.26162903309438573,0.5431381598509342,0.5657382463474315,0.5461827622277646,8.0,14.9003,-0.01907632715370515,6492,6136,((((c00*c00)+(c00*Er)))**(0.5)),(((rou*(c00+((((cos(1.0))**(0.5))*Er)*1.0))))**(0.5)),[sqrt add mul c00 c00 mul c00 Er],[sqrt mul rou add c00 mul mul sqrt cos 1.0 Er 1.0],[0.68812135 1.        ],[0.51297919 1.        ]
88,0.24915667059220536,0.5427757729258745,0.5657382463474315,0.5538996518373768,18.0,15.3594,0.03430439512117223,6294,5891,((((((c00+c00)*c00)+((c00*r)+(c00*Er)))-(c00*c00)))**(0.5)),(((rou*(c00+((((cos(1.0))**(0.5))*Er)*1.0))))**(0.5)),[sqrt sub add mul add c00 c00 c00 add mul c00 r mul c00 Er mul c00 c00],[sqrt mul rou add c00 mul mul sqrt cos 1.0 Er 1.0],[0.62195104 1.        ],[0.51297919 1.        ]
89,0.2585505872252947,0.542835423284218,0.5657382463474315,0.5461827622277646,14.0,15.0527,0.03337593818041579,6486,6105,(((((c00*c00)+((Er-Er)*Er))+(Er*c00)))**(0.5)),(((rou*(c00+((((cos(1.0))**(0.5))*Er)*1.0))))**(0.5)),[sqrt add add mul c00 c00 mul sub Er Er Er mul Er c00],[sqrt mul rou add c00 mul mul sqrt cos 1.0 Er 1.0],[0.68812135 1.        ],[0.51297919 1.        ]
90,0.2716763729259908,0.5427999234986444,0.5657382463474315,0.54975884805403,15.0,14.5334,0.03713632912680621,6833,6466,((((cos(1.0)*(Er*Er))+((c00*Er)+(c00*c00))))**(0.5)),(((rou*(c00+((((cos(1.0))**(0.5))*Er)*1.0))))**(0.5)),[sqrt add mul cos 1.0 mul Er Er add mul c00 Er mul c00 c00],[sqrt mul rou add c00 mul mul sqrt cos 1.0 Er 1.0],[0.63267416 1.        ],[0.51297919 1.        ]
91,0.2844189238647564,0.5429615917343215,0.5657382463474315,0.5525096094834686,6.0,13.7955,0.03753462463666609,7186,6764,(((M*(Er+c00)))**(0.5)),(((rou*(c00+((((cos(1.0))**(0.5))*Er)*1.0))))**(0.5)),[sqrt mul M add Er c00],[sqrt mul rou add c00 mul mul sqrt cos 1.0 Er 1.0],[0.50373923 1.        ],[0.51297919 1.        ]
92,0.2969248845593276,0.5432215217984085,0.5657382463474315,0.5480037435661512,23.0,13.2772,-0.019690347222001824,7449,7029,(c00+(Er*cos(-(((c00*(-(Er)*-(((-(((Er*Er)+(c00*c00))))**(-1)))))+1.0))))),(((rou*(c00+((((cos(1.0))**(0.5))*Er)*1.0))))**(0.5)),"[add c00 mul Er cos neg add mul c00 mul neg Er neg inv neg add mul Er Er
 mul c00 c00 1.0]",[sqrt mul rou add c00 mul mul sqrt cos 1.0 Er 1.0],[0.5655342 1.       ],[0.51297919 1.        ]
93,0.3013231225804138,0.5431221899063924,0.5657382463474315,0.5461827622277646,9.0,13.1534,0.008770441527032866,7545,7154,((((c00+Er)*(((c00*c00))**(0.5))))**(0.5)),(((rou*(c00+((((cos(1.0))**(0.5))*Er)*1.0))))**(0.5)),[sqrt mul add c00 Er sqrt mul c00 c00],[sqrt mul rou add c00 mul mul sqrt cos 1.0 Er 1.0],[0.68812135 1.        ],[0.51297919 1.        ]
94,0.29959380152517096,0.5431266265290071,0.5657382463474315,0.54975884805403,17.0,12.9557,-0.02105722658482897,7637,7152,((((c00*(Er+c00))-(1.0*(cos(((1.0)**(-1)))*-((Er*Er))))))**(0.5)),(((rou*(c00+((((cos(1.0))**(0.5))*Er)*1.0))))**(0.5)),[sqrt sub mul c00 add Er c00 mul 1.0 mul cos inv 1.0 neg mul Er Er],[sqrt mul rou add c00 mul mul sqrt cos 1.0 Er 1.0],[0.63267416 1.        ],[0.51297919 1.        ]
95,0.29472944523143696,0.5429804076465314,0.5657382463474315,0.5512828872911055,17.0,13.3107,0.035155429850154234,7478,7041,(((((Er*(c00+Er))-(cos(1.0)*(Er*Er)))+(c00*c00)))**(0.5)),(((rou*(c00+((((cos(1.0))**(0.5))*Er)*1.0))))**(0.5)),[sqrt add sub mul Er add c00 Er mul cos 1.0 mul Er Er mul c00 c00],[sqrt mul rou add c00 mul mul sqrt cos 1.0 Er 1.0],[0.63979086 1.        ],[0.51297919 1.        ]
96,0.2979181915919462,0.5416790926583208,0.5657382463474315,0.5491612313807888,18.0,13.073,0.15304098515990525,7637,7097,(c00-(((-((sin(((-(1.0))**(0.5)))*((c00*c00)-(c00*Er)))))**(0.5))-c00)),(((rou*(c00+((((cos(1.0))**(0.5))*Er)*1.0))))**(0.5)),[sub c00 sub sqrt neg mul sin sqrt neg 1.0 sub mul c00 c00 mul c00 Er c00],[sqrt mul rou add c00 mul mul sqrt cos 1.0 Er 1.0],[0.60146762 1.        ],[0.51297919 1.        ]
97,0.30378156428495545,0.543127056983078,0.5657382463474315,0.550821118650535,23.0,12.7916,0.023426515327042572,7840,7254,(((((cos(((((1.0)**(0.5)))**(-1)))*(((c00*Er)-(c00*c00))+(Er*c00)))-(Er*Er)))**(0.5))+Er),(((rou*(c00+((((cos(1.0))**(0.5))*Er)*1.0))))**(0.5)),"[add sqrt sub mul cos inv sqrt 1.0 add sub mul c00 Er mul c00 c00 mul Er
 c00 mul Er Er Er]",[sqrt mul rou add c00 mul mul sqrt cos 1.0 Er 1.0],[0.81773827 1.        ],[0.51297919 1.        ]
98,0.3049183231592999,0.5431046827962676,0.5657382463474315,0.5461827622277646,13.0,12.6185,-0.022339158989449163,7965,7268,(((-((c00*c00))-(cos(log(1.0))*(c00*Er))))**(0.5)),(((rou*(c00+((((cos(1.0))**(0.5))*Er)*1.0))))**(0.5)),[sqrt sub neg mul c00 c00 mul cos log 1.0 mul c00 Er],[sqrt mul rou add c00 mul mul sqrt cos 1.0 Er 1.0],[0.68812135 1.        ],[0.51297919 1.        ]
99,0.3055123322782099,0.5431301040447631,0.5657382463474315,0.5505822333115961,14.0,12.569,-0.022171760203747577,7996,7287,((Er*cos((((c00*(((Er)**(-1))--(((c00)**(-1))))))**(0.5))))-c00),(((rou*(c00+((((cos(1.0))**(0.5))*Er)*1.0))))**(0.5)),[sub mul Er cos sqrt mul c00 sub inv Er neg inv c00 c00],[sqrt mul rou add c00 mul mul sqrt cos 1.0 Er 1.0],[-0.56676105  1.        ],[0.51297919 1.        ]
100,0.30158217443055374,0.5432291789350487,0.5657382463474315,0.551596105560052,20.0,12.6734,-0.020090306898422852,8021,7205,(((cos(1.0)*Er)-c00)+((cos(1.0)*((((c00*c00)+(c00*Er)))**(0.5)))-c00)),(((rou*(c00+((((cos(1.0))**(0.5))*Er)*1.0))))**(0.5)),"[add sub mul cos 1.0 Er c00 sub mul cos 1.0 sqrt add mul c00 c00 mul c00
 Er c00]",[sqrt mul rou add c00 mul mul sqrt cos 1.0 Er 1.0],[-0.25566237  1.        ],[0.51297919 1.        ]
